2025-12-15 00:00:50,225.6,0.142,23.0,3.917
2025-12-15 00:01:40,225.1,0.141,22.8,3.917
2025-12-15 00:02:31,225.0,0.14,22.7,3.917
2025-12-15 00:03:31,224.7,0.141,22.8,3.918
2025-12-15 00:04:24,224.2,0.141,22.7,3.918
2025-12-15 00:05:23,224.5,0.141,22.8,3.919
2025-12-15 00:06:14,224.7,0.141,22.9,3.919
2025-12-15 00:07:22,225.4,0.141,22.9,3.919
2025-12-15 00:08:26,224.9,0.14,22.7,3.92
2025-12-15 00:09:27,224.5,0.14,22.7,3.92
2025-12-15 00:10:27,224.6,0.14,22.6,3.921
2025-12-15 00:11:18,224.4,0.141,22.8,3.921
2025-12-15 00:12:12,224.8,0.141,22.8,3.921
2025-12-15 00:13:04,224.6,0.141,22.8,3.922
2025-12-15 00:14:06,225.0,0.14,22.7,3.922
2025-12-15 00:15:15,224.6,0.141,22.8,3.923
2025-12-15 00:16:24,225.3,0.142,23.0,3.923
2025-12-15 00:17:25,226.0,0.142,23.1,3.923
2025-12-15 00:18:30,225.4,0.141,22.9,3.924
2025-12-15 00:19:40,224.3,0.141,22.7,3.924
2025-12-15 00:20:36,224.5,0.14,22.6,3.924
2025-12-15 00:21:40,225.2,0.142,22.9,3.925
2025-12-15 00:22:42,225.1,0.142,22.9,3.925
2025-12-15 00:23:34,225.0,0.142,22.9,3.926
2025-12-15 00:24:32,225.0,0.141,22.8,3.926
2025-12-15 00:25:29,224.4,0.139,22.5,3.926
2025-12-15 00:26:29,224.4,0.141,22.7,3.927
2025-12-15 00:27:25,224.7,0.142,22.9,3.927
2025-12-15 00:28:31,225.2,0.141,22.9,3.928
2025-12-15 00:29:37,225.5,0.14,22.7,3.928
2025-12-15 00:30:39,224.5,0.141,22.8,3.928
2025-12-15 00:31:42,224.4,0.142,22.8,3.929
2025-12-15 00:32:41,223.9,0.14,22.6,3.929
2025-12-15 00:33:37,223.5,0.14,22.5,3.929
2025-12-15 00:34:34,223.3,0.14,22.6,3.93
2025-12-15 00:35:43,223.8,0.141,22.7,3.93
2025-12-15 00:36:43,223.4,0.141,22.7,3.931
2025-12-15 00:37:35,224.4,0.141,22.8,3.931
2025-12-15 00:38:33,224.6,0.141,22.7,3.931
2025-12-15 00:39:23,224.4,0.141,22.7,3.932
2025-12-15 00:40:30,223.6,0.14,22.5,3.932
2025-12-15 00:41:21,223.0,0.139,22.4,3.933
2025-12-15 00:42:13,222.9,0.14,22.3,3.933
2025-12-15 00:43:10,223.1,0.141,22.6,3.933
2025-12-15 00:44:17,223.0,0.141,22.5,3.934
2025-12-15 00:45:17,222.8,0.139,22.3,3.934
2025-12-15 00:46:20,222.5,0.14,22.3,3.934
2025-12-15 00:47:21,222.0,0.139,22.2,3.935
2025-12-15 00:48:27,222.9,0.14,22.4,3.935
2025-12-15 00:49:23,223.4,0.141,22.7,3.936
2025-12-15 00:50:15,223.3,0.141,22.6,3.936
2025-12-15 00:51:10,222.9,0.141,22.5,3.936
2025-12-15 00:52:06,222.5,0.14,22.3,3.937
2025-12-15 00:53:05,222.6,0.14,22.4,3.937
2025-12-15 00:54:10,222.1,0.14,22.5,3.938
2025-12-15 00:55:04,222.4,0.139,22.3,3.938
2025-12-15 00:56:11,222.2,0.14,22.4,3.938
2025-12-15 00:57:06,223.0,0.14,22.4,3.939
2025-12-15 00:58:00,223.7,0.141,22.7,3.939
2025-12-15 00:58:57,223.1,0.14,22.5,3.939
2025-12-15 00:59:50,223.7,0.14,22.5,3.94
2025-12-15 01:00:51,222.8,0.14,22.4,3.94
2025-12-15 01:02:00,222.5,0.14,22.4,3.94
2025-12-15 01:02:54,223.2,0.141,22.6,3.941
2025-12-15 01:04:02,223.6,0.141,22.7,3.941
2025-12-15 01:05:00,222.9,0.14,22.5,3.942
2025-12-15 01:06:01,222.9,0.14,22.4,3.942
2025-12-15 01:07:08,222.4,0.14,22.4,3.942
2025-12-15 01:08:10,222.2,0.14,22.5,3.943
2025-12-15 01:09:17,223.2,0.14,22.4,3.943
2025-12-15 01:10:26,222.7,0.14,22.5,3.944
2025-12-15 01:11:26,223.7,0.14,22.6,3.944
2025-12-15 01:12:29,223.2,0.14,22.5,3.944
2025-12-15 01:13:29,223.2,0.14,22.5,3.945
2025-12-15 01:14:24,223.7,0.141,22.8,3.945
2025-12-15 01:15:32,222.7,0.14,22.5,3.945
2025-12-15 01:16:24,222.4,0.139,22.2,3.946
2025-12-15 01:17:17,222.8,0.141,22.6,3.946
2025-12-15 01:18:25,223.1,0.139,22.3,3.947
2025-12-15 01:19:33,223.5,0.14,22.5,3.947
2025-12-15 01:20:27,223.6,0.14,22.5,3.947
2025-12-15 01:21:17,223.6,0.141,22.7,3.948
2025-12-15 01:22:16,223.1,0.14,22.5,3.948
2025-12-15 01:23:26,222.9,0.139,22.4,3.949
2025-12-15 01:24:30,222.7,0.14,22.5,3.949
2025-12-15 01:25:22,223.9,0.14,22.5,3.949
2025-12-15 01:26:14,223.7,0.141,22.8,3.95
2025-12-15 01:27:07,224.3,0.141,22.7,3.95
2025-12-15 01:28:07,223.7,0.14,22.5,3.95
2025-12-15 01:29:11,223.0,0.14,22.6,3.951
2025-12-15 01:30:12,223.4,0.139,22.4,3.951
2025-12-15 01:31:07,223.6,0.14,22.6,3.952
2025-12-15 01:32:11,224.1,0.14,22.5,3.952
2025-12-15 01:33:04,223.2,0.14,22.5,3.952
2025-12-15 01:33:57,222.6,0.14,22.5,3.953
2025-12-15 01:34:56,223.6,0.14,22.6,3.953
2025-12-15 01:36:00,222.9,0.14,22.6,3.954
2025-12-15 01:37:02,223.0,0.14,22.5,3.954
2025-12-15 01:38:09,223.2,0.14,22.5,3.954
2025-12-15 01:39:16,223.3,0.141,22.6,3.955
2025-12-15 01:40:22,223.4,0.14,22.6,3.955
2025-12-15 01:41:28,223.9,0.14,22.6,3.955
2025-12-15 01:42:30,223.8,0.14,22.6,3.956
2025-12-15 01:43:28,223.8,0.141,22.7,3.956
2025-12-15 01:44:19,222.9,0.141,22.6,3.957
2025-12-15 01:45:10,222.9,0.141,22.6,3.957
2025-12-15 01:46:07,223.0,0.141,22.6,3.957
2025-12-15 01:47:17,223.1,0.14,22.5,3.958
2025-12-15 01:48:26,222.9,0.14,22.5,3.958
2025-12-15 01:49:36,222.6,0.14,22.6,3.959
2025-12-15 01:50:37,222.6,0.14,22.4,3.959
2025-12-15 01:51:32,223.1,0.14,22.5,3.959
2025-12-15 01:52:41,223.8,0.14,22.7,3.96
2025-12-15 01:53:45,224.3,0.14,22.7,3.96
2025-12-15 01:54:52,224.0,0.14,22.6,3.96
2025-12-15 01:55:42,223.8,0.14,22.6,3.961
2025-12-15 01:56:39,223.5,0.14,22.5,3.961
2025-12-15 01:57:41,223.6,0.139,22.5,3.962
2025-12-15 01:58:34,223.2,0.14,22.5,3.962
2025-12-15 01:59:31,223.4,0.141,22.6,3.962
2025-12-15 02:00:25,223.3,0.141,22.7,3.963
2025-12-15 02:01:17,223.9,0.14,22.6,3.963
2025-12-15 02:02:13,224.5,0.141,22.7,3.964
2025-12-15 02:03:03,225.0,0.141,22.8,3.964
2025-12-15 02:04:04,225.3,0.141,22.9,3.964
2025-12-15 02:04:58,223.9,0.14,22.6,3.965
2025-12-15 02:06:02,224.4,0.14,22.6,3.965
2025-12-15 02:07:10,223.9,0.141,22.7,3.965
2025-12-15 02:08:19,223.6,0.14,22.5,3.966
2025-12-15 02:09:25,224.0,0.14,22.6,3.966
2025-12-15 02:10:28,223.5,0.14,22.6,3.967
2025-12-15 02:11:37,223.6,0.141,22.7,3.967
2025-12-15 02:12:42,224.2,0.141,22.8,3.967
2025-12-15 02:13:37,224.7,0.14,22.7,3.968
2025-12-15 02:14:47,224.0,0.141,22.7,3.968
2025-12-15 02:15:46,223.6,0.141,22.7,3.969
2025-12-15 02:16:49,223.8,0.141,22.7,3.969
2025-12-15 02:17:55,223.9,0.14,22.6,3.969
2025-12-15 02:18:57,224.8,0.141,22.8,3.97
2025-12-15 02:19:51,224.3,0.141,22.7,3.97
2025-12-15 02:20:47,223.9,0.14,22.6,3.97
2025-12-15 02:21:54,223.3,0.141,22.6,3.971
2025-12-15 02:23:04,223.0,0.141,22.6,3.971
2025-12-15 02:24:06,223.6,0.14,22.6,3.972
2025-12-15 02:24:56,223.7,0.141,22.7,3.972
2025-12-15 02:26:02,224.4,0.141,22.7,3.972
2025-12-15 02:27:02,223.7,0.141,22.8,3.973
2025-12-15 02:27:57,223.6,0.141,22.7,3.973
2025-12-15 02:28:52,223.7,0.141,22.7,3.973
2025-12-15 02:30:01,223.3,0.14,22.5,3.974
2025-12-15 02:31:08,223.2,0.139,22.3,3.974
2025-12-15 02:31:58,222.9,0.139,22.3,3.975
2025-12-15 02:32:51,223.3,0.14,22.5,3.975
2025-12-15 02:33:52,224.3,0.14,22.6,3.976
2025-12-15 02:34:55,224.2,0.141,22.8,3.976
2025-12-15 02:36:02,224.1,0.141,22.7,3.976
2025-12-15 02:37:11,223.6,0.141,22.7,3.977
2025-12-15 02:38:08,223.6,0.14,22.6,3.977
2025-12-15 02:38:59,224.2,0.14,22.7,3.977
2025-12-15 02:39:58,224.0,0.14,22.6,3.978
2025-12-15 02:41:08,224.0,0.14,22.7,3.978
2025-12-15 02:42:05,223.9,0.141,22.7,3.978
2025-12-15 02:43:08,224.0,0.141,22.7,3.979
2025-12-15 02:44:05,224.3,0.14,22.6,3.979
2025-12-15 02:45:05,224.3,0.141,22.8,3.98
2025-12-15 02:45:57,224.1,0.141,22.7,3.98
2025-12-15 02:46:48,224.2,0.141,22.7,3.98
2025-12-15 02:47:52,223.8,0.14,22.6,3.981
2025-12-15 02:49:00,223.9,0.141,22.7,3.981
2025-12-15 02:50:06,223.4,0.14,22.5,3.982
2025-12-15 02:51:02,222.6,0.14,22.4,3.982
2025-12-15 02:52:09,222.6,0.139,22.4,3.982
2025-12-15 02:52:59,223.1,0.139,22.3,3.983
2025-12-15 02:53:59,224.6,0.142,22.9,3.983
2025-12-15 02:54:52,223.9,0.141,22.7,3.983
2025-12-15 02:55:54,224.1,0.14,22.7,3.984
2025-12-15 02:56:58,223.2,0.14,22.4,3.984
2025-12-15 02:57:57,223.5,0.14,22.5,3.985
2025-12-15 02:58:48,223.2,0.141,22.6,3.985
2025-12-15 02:59:52,223.3,0.141,22.6,3.985
2025-12-15 03:00:57,222.9,0.139,22.3,3.986
2025-12-15 03:01:58,223.0,0.14,22.5,3.986
2025-12-15 03:02:51,223.2,0.141,22.6,3.987
2025-12-15 03:03:57,224.0,0.141,22.7,3.987
2025-12-15 03:05:05,223.9,0.14,22.6,3.987
2025-12-15 03:06:14,223.8,0.141,22.7,3.988
2025-12-15 03:07:04,223.9,0.141,22.7,3.988
2025-12-15 03:08:11,223.2,0.139,22.4,3.988
2025-12-15 03:09:15,223.8,0.141,22.7,3.989
2025-12-15 03:10:22,224.1,0.14,22.6,3.989
2025-12-15 03:11:20,224.2,0.14,22.6,3.99
2025-12-15 03:12:15,224.7,0.141,22.8,3.99
2025-12-15 03:13:20,224.2,0.141,22.8,3.99
2025-12-15 03:14:13,224.5,0.141,22.8,3.991
2025-12-15 03:15:22,224.0,0.141,22.7,3.991
2025-12-15 03:16:31,223.9,0.14,22.5,3.992
2025-12-15 03:17:31,223.9,0.141,22.8,3.992
2025-12-15 03:18:35,223.7,0.141,22.7,3.992
2025-12-15 03:19:38,223.5,0.141,22.7,3.993
2025-12-15 03:20:38,223.6,0.14,22.6,3.993
2025-12-15 03:21:30,223.3,0.14,22.5,3.994
2025-12-15 03:22:27,223.3,0.14,22.5,3.994
2025-12-15 03:23:28,222.7,0.14,22.5,3.994
2025-12-15 03:24:38,224.8,0.141,22.8,3.995
2025-12-15 03:25:40,224.8,0.141,22.8,3.995
2025-12-15 03:26:48,224.8,0.141,22.8,3.995
2025-12-15 03:27:58,224.3,0.141,22.8,3.996
2025-12-15 03:28:48,224.1,0.14,22.6,3.996
2025-12-15 03:29:43,224.0,0.141,22.8,3.997
2025-12-15 03:30:38,223.7,0.139,22.4,3.997
2025-12-15 03:31:44,223.7,0.142,22.8,3.997
2025-12-15 03:32:48,224.2,0.14,22.6,3.998
2025-12-15 03:33:51,224.1,0.14,22.6,3.998
2025-12-15 03:34:57,224.3,0.14,22.6,3.999
2025-12-15 03:35:52,225.0,0.141,22.8,3.999
2025-12-15 03:36:44,224.2,0.141,22.8,3.999
2025-12-15 03:37:38,224.3,0.141,22.7,4.0
2025-12-15 03:38:37,223.7,0.14,22.6,4.0
2025-12-15 03:39:44,224.1,0.141,22.8,4.0
2025-12-15 03:40:45,224.5,0.141,22.8,4.001
2025-12-15 03:41:44,224.4,0.141,22.7,4.001
2025-12-15 03:42:37,224.1,0.141,22.7,4.002
2025-12-15 03:43:39,224.2,0.141,22.7,4.002
2025-12-15 03:44:37,224.8,0.14,22.8,4.002
2025-12-15 03:45:45,224.1,0.139,22.5,4.003
2025-12-15 03:46:54,224.2,0.141,22.8,4.003
2025-12-15 03:47:47,224.7,0.141,22.8,4.004
2025-12-15 03:48:37,224.2,0.141,22.8,4.004
2025-12-15 03:49:34,224.4,0.14,22.6,4.004
2025-12-15 03:50:33,223.8,0.14,22.6,4.005
2025-12-15 03:51:30,223.9,0.14,22.6,4.005
2025-12-15 03:52:32,223.0,0.14,22.5,4.005
2025-12-15 03:53:28,224.6,0.141,22.8,4.006
2025-12-15 03:54:36,224.4,0.141,22.8,4.006
2025-12-15 03:55:46,224.7,0.141,22.8,4.007
2025-12-15 03:56:54,223.6,0.14,22.5,4.007
2025-12-15 03:57:52,223.5,0.139,22.5,4.007
2025-12-15 03:58:42,223.4,0.139,22.4,4.008
2025-12-15 03:59:52,223.6,0.14,22.5,4.008
2025-12-15 04:00:46,223.5,0.14,22.6,4.009
2025-12-15 04:01:52,222.7,0.139,22.3,4.009
2025-12-15 04:02:59,223.3,0.14,22.5,4.009
2025-12-15 04:03:54,224.4,0.14,22.7,4.01
2025-12-15 04:05:03,224.3,0.14,22.6,4.01
2025-12-15 04:06:03,224.0,0.139,22.4,4.01
2025-12-15 04:06:59,223.6,0.141,22.8,4.011
2025-12-15 04:07:59,223.5,0.139,22.4,4.011
2025-12-15 04:08:53,223.6,0.141,22.7,4.012
2025-12-15 04:09:43,223.7,0.139,22.4,4.012
2025-12-15 04:10:50,223.8,0.14,22.5,4.012
2025-12-15 04:11:57,223.7,0.141,22.7,4.013
2025-12-15 04:12:57,224.2,0.14,22.6,4.013
2025-12-15 04:14:02,224.1,0.141,22.8,4.014
2025-12-15 04:15:01,224.6,0.14,22.6,4.014
2025-12-15 04:15:54,223.3,0.14,22.6,4.014
2025-12-15 04:16:56,224.0,0.141,22.7,4.015
2025-12-15 04:17:53,224.7,0.141,22.8,4.015
2025-12-15 04:19:00,224.2,0.14,22.7,4.016
2025-12-15 04:20:10,223.9,0.14,22.6,4.016
2025-12-15 04:21:02,224.0,0.139,22.4,4.016
2025-12-15 04:21:53,223.1,0.14,22.5,4.017
2025-12-15 04:22:51,224.1,0.14,22.6,4.017
2025-12-15 04:23:41,224.3,0.14,22.6,4.017
2025-12-15 04:24:41,225.2,0.141,22.8,4.018
2025-12-15 04:25:42,224.2,0.14,22.6,4.018
2025-12-15 04:26:40,224.4,0.141,22.7,4.019
2025-12-15 04:27:46,223.6,0.139,22.4,4.019
2025-12-15 04:28:53,223.7,0.14,22.6,4.019
2025-12-15 04:29:47,222.4,0.14,22.4,4.02
2025-12-15 04:30:43,222.7,0.14,22.5,4.02
2025-12-15 04:31:46,222.9,0.14,22.5,4.02
2025-12-15 04:32:36,223.6,0.14,22.6,4.021
2025-12-15 04:33:45,223.7,0.14,22.6,4.021
2025-12-15 04:34:54,223.0,0.141,22.6,4.022
2025-12-15 04:35:55,223.6,0.139,22.4,4.022
2025-12-15 04:36:48,223.4,0.141,22.6,4.022
2025-12-15 04:37:54,222.6,0.14,22.5,4.023
2025-12-15 04:38:53,220.9,0.139,22.1,4.023
2025-12-15 04:39:47,221.3,0.139,22.3,4.023
2025-12-15 04:40:38,222.0,0.14,22.4,4.024
2025-12-15 04:41:34,222.7,0.14,22.4,4.024
2025-12-15 04:42:38,222.4,0.14,22.5,4.025
2025-12-15 04:43:39,222.4,0.14,22.4,4.025
2025-12-15 04:44:47,222.4,0.14,22.5,4.025
2025-12-15 04:45:43,222.1,0.14,22.4,4.026
2025-12-15 04:46:49,221.8,0.14,22.4,4.026
2025-12-15 04:47:44,222.8,0.14,22.5,4.027
2025-12-15 04:48:47,222.7,0.139,22.3,4.027
2025-12-15 04:49:41,222.4,0.141,22.5,4.027
2025-12-15 04:50:35,222.9,0.14,22.5,4.028
2025-12-15 04:51:45,223.1,0.14,22.5,4.028
2025-12-15 04:52:46,222.3,0.139,22.3,4.028
2025-12-15 04:53:37,222.4,0.139,22.4,4.029
2025-12-15 04:54:42,222.0,0.139,22.3,4.029
2025-12-15 04:55:49,222.4,0.141,22.5,4.03
2025-12-15 04:56:49,222.8,0.139,22.4,4.03
2025-12-15 04:57:50,222.9,0.14,22.5,4.03
2025-12-15 04:58:56,222.6,0.139,22.4,4.031
2025-12-15 05:00:05,223.4,0.14,22.5,4.031
2025-12-15 05:01:11,223.1,0.14,22.5,4.031
2025-12-15 05:02:18,222.2,0.14,22.4,4.032
2025-12-15 05:03:16,221.8,0.139,22.2,4.032
2025-12-15 05:04:09,221.9,0.14,22.4,4.033
2025-12-15 05:05:19,222.4,0.14,22.4,4.033
2025-12-15 05:06:23,221.7,0.139,22.3,4.033
2025-12-15 05:07:14,221.5,0.139,22.2,4.034
2025-12-15 05:08:05,221.3,0.139,22.2,4.034
2025-12-15 05:08:55,221.1,0.139,22.1,4.035
2025-12-15 05:10:02,221.5,0.139,22.3,4.035
2025-12-15 05:11:00,222.2,0.139,22.2,4.035
2025-12-15 05:11:51,222.2,0.139,22.3,4.036
2025-12-15 05:12:53,221.7,0.14,22.3,4.036
2025-12-15 05:13:47,222.2,0.14,22.3,4.036
2025-12-15 05:14:49,222.4,0.14,22.4,4.037
2025-12-15 05:15:59,221.2,0.139,22.2,4.037
2025-12-15 05:17:08,221.5,0.14,22.3,4.038
2025-12-15 05:18:02,222.0,0.139,22.2,4.038
2025-12-15 05:19:03,222.1,0.14,22.4,4.038
2025-12-15 05:20:06,222.8,0.141,22.6,4.039
2025-12-15 05:21:16,223.0,0.14,22.5,4.039
2025-12-15 05:22:10,223.1,0.14,22.5,4.04
2025-12-15 05:23:14,222.6,0.14,22.5,4.04
2025-12-15 05:24:22,222.7,0.14,22.4,4.04
2025-12-15 05:25:25,222.0,0.14,22.3,4.041
2025-12-15 05:26:26,222.5,0.14,22.4,4.041
2025-12-15 05:27:22,223.1,0.14,22.4,4.041
2025-12-15 05:28:30,222.8,0.14,22.4,4.042
2025-12-15 05:29:23,223.2,0.141,22.6,4.042
2025-12-15 05:30:22,223.3,0.14,22.5,4.042
2025-12-15 05:31:22,223.1,0.14,22.5,4.043
2025-12-15 05:32:16,222.0,0.139,22.3,4.043
2025-12-15 05:33:26,222.6,0.14,22.4,4.044
2025-12-15 05:34:23,223.5,0.141,22.6,4.044
2025-12-15 05:35:28,223.4,0.14,22.5,4.045
2025-12-15 05:36:35,223.7,0.14,22.5,4.045
2025-12-15 05:37:32,223.8,0.141,22.8,4.045
2025-12-15 05:38:30,222.9,0.139,22.4,4.046
2025-12-15 05:39:23,223.4,0.14,22.6,4.046
2025-12-15 05:40:18,224.5,0.142,22.8,4.046
2025-12-15 05:41:23,224.6,0.141,22.8,4.047
2025-12-15 05:42:17,224.1,0.142,22.8,4.047
2025-12-15 05:43:09,224.0,0.141,22.6,4.047
2025-12-15 05:43:59,223.2,0.14,22.4,4.048
2025-12-15 05:44:55,223.4,0.14,22.6,4.048
2025-12-15 05:46:01,223.0,0.14,22.5,4.049
2025-12-15 05:46:53,222.5,0.139,22.4,4.049
2025-12-15 05:48:01,223.3,0.14,22.5,4.05
2025-12-15 05:48:51,223.7,0.141,22.7,4.05
2025-12-15 05:49:47,223.7,0.141,22.6,4.05
2025-12-15 05:50:54,223.1,0.14,22.5,4.051
2025-12-15 05:52:02,224.0,0.141,22.7,4.051
2025-12-15 05:52:55,224.1,0.141,22.8,4.051
2025-12-15 05:54:00,223.2,0.141,22.6,4.052
2025-12-15 05:55:03,223.5,0.034,0.4,4.052
2025-12-15 05:56:06,223.8,0.034,0.4,4.052
2025-12-15 05:56:59,224.1,0.034,0.4,4.052
2025-12-15 05:58:02,223.6,0.034,0.4,4.052
2025-12-15 05:59:05,223.5,0.034,0.5,4.052
2025-12-15 06:00:02,223.0,0.034,0.4,4.052
2025-12-15 06:00:57,222.8,0.034,0.4,4.052
2025-12-15 06:01:58,222.0,0.034,0.4,4.052
2025-12-15 06:02:49,221.6,0.034,0.4,4.052
2025-12-15 06:03:59,221.0,0.034,0.4,4.052
2025-12-15 06:04:58,222.1,0.034,0.4,4.052
2025-12-15 06:05:50,223.0,0.034,0.4,4.052
2025-12-15 06:06:40,224.1,0.034,0.4,4.052
2025-12-15 06:07:36,223.7,0.034,0.4,4.052
2025-12-15 06:08:39,223.1,0.034,0.4,4.052
2025-12-15 06:09:47,222.1,0.034,0.4,4.052
2025-12-15 06:10:48,223.1,0.034,0.4,4.052
2025-12-15 06:11:56,223.1,0.034,0.4,4.052
2025-12-15 06:12:52,223.1,0.034,0.5,4.052
2025-12-15 06:13:48,223.6,0.034,0.4,4.052
2025-12-15 06:14:53,222.4,0.034,0.4,4.052
2025-12-15 06:15:47,223.7,0.034,0.4,4.052
2025-12-15 06:16:45,221.8,0.034,0.4,4.052
2025-12-15 06:17:38,222.2,0.034,0.4,4.052
2025-12-15 06:18:43,221.7,0.034,0.4,4.052
2025-12-15 06:19:38,221.6,0.034,0.4,4.052
2025-12-15 06:20:41,222.6,0.034,0.4,4.052
2025-12-15 06:21:32,222.7,0.034,0.4,4.052
2025-12-15 06:22:40,222.5,0.034,0.4,4.052
2025-12-15 06:23:35,222.6,0.034,0.5,4.052
2025-12-15 06:24:43,223.4,0.034,0.4,4.052
2025-12-15 06:25:37,222.8,0.034,0.4,4.052
2025-12-15 06:26:40,223.1,0.034,0.4,4.052
2025-12-15 06:27:49,223.1,0.034,0.4,4.052
2025-12-15 06:28:55,223.4,0.034,0.5,4.052
2025-12-15 06:30:00,223.0,0.034,0.4,4.052
2025-12-15 06:30:50,223.0,0.034,0.4,4.052
2025-12-15 06:31:45,223.4,0.034,0.4,4.052
2025-12-15 06:32:37,223.8,0.034,0.5,4.052
2025-12-15 06:33:43,224.4,0.034,0.5,4.052
2025-12-15 06:34:43,224.9,0.034,0.4,4.052
2025-12-15 06:35:40,224.9,0.034,0.4,4.052
2025-12-15 06:36:37,225.3,0.034,0.4,4.052
2025-12-15 06:37:41,224.6,0.034,0.4,4.052
2025-12-15 06:38:37,224.1,0.034,0.4,4.052
2025-12-15 06:39:46,225.2,0.034,0.5,4.052
2025-12-15 06:40:47,224.8,0.034,0.4,4.052
2025-12-15 06:41:55,224.4,0.034,0.4,4.052
2025-12-15 06:43:04,223.8,0.034,0.4,4.052
2025-12-15 06:43:54,224.0,0.034,0.5,4.052
2025-12-15 06:44:52,224.0,0.034,0.4,4.052
2025-12-15 06:45:42,223.9,0.034,0.4,4.052
2025-12-15 06:46:50,222.7,0.034,0.4,4.052
2025-12-15 06:47:42,223.8,0.034,0.5,4.052
2025-12-15 06:48:40,221.4,0.034,0.4,4.052
2025-12-15 06:49:41,221.7,0.034,0.4,4.052
2025-12-15 06:50:31,221.8,0.034,0.4,4.052
2025-12-15 06:51:35,222.0,0.034,0.4,4.052
2025-12-15 06:52:25,222.8,0.034,0.4,4.052
2025-12-15 06:53:15,222.5,0.034,0.4,4.052
2025-12-15 06:54:12,221.5,0.033,0.4,4.052
2025-12-15 06:55:10,222.0,0.034,0.5,4.052
2025-12-15 06:56:03,222.6,0.034,0.5,4.052
2025-12-15 06:57:08,222.4,0.034,0.4,4.052
2025-12-15 06:58:00,222.0,0.034,0.4,4.052
2025-12-15 06:59:03,222.0,0.034,0.4,4.052
2025-12-15 07:00:13,222.5,0.034,0.4,4.052
2025-12-15 07:01:15,223.2,0.034,0.4,4.052
2025-12-15 07:02:08,223.1,0.034,0.5,4.052
2025-12-15 07:03:14,223.8,0.034,0.5,4.052
2025-12-15 07:04:05,223.4,0.034,0.4,4.052
2025-12-15 07:05:01,223.5,0.034,0.5,4.052
2025-12-15 07:05:53,223.4,0.034,0.4,4.052
2025-12-15 07:06:57,223.5,0.034,0.4,4.052
2025-12-15 07:08:05,223.5,0.034,0.5,4.052
2025-12-15 07:09:13,224.7,0.034,0.4,4.052
2025-12-15 07:10:14,224.6,0.034,0.4,4.052
2025-12-15 07:11:08,224.5,0.034,0.5,4.052
2025-12-15 07:12:16,225.2,0.034,0.5,4.052
2025-12-15 07:13:24,224.1,0.034,0.4,4.052
2025-12-15 07:14:23,223.7,0.034,0.5,4.052
2025-12-15 07:15:30,222.7,0.034,0.4,4.052
2025-12-15 07:16:35,222.6,0.034,0.4,4.052
2025-12-15 07:17:39,221.8,0.034,0.5,4.052
2025-12-15 07:18:45,222.2,0.034,0.4,4.052
2025-12-15 07:19:51,222.5,0.034,0.4,4.052
2025-12-15 07:20:54,223.1,0.034,0.4,4.052
2025-12-15 07:21:46,223.1,0.034,0.5,4.052
2025-12-15 07:22:54,223.1,0.034,0.4,4.052
2025-12-15 07:23:53,223.0,0.034,0.4,4.052
2025-12-15 07:24:52,222.4,0.034,0.4,4.052
2025-12-15 07:25:56,222.3,0.034,0.4,4.052
2025-12-15 07:27:01,223.0,0.034,0.4,4.052
2025-12-15 07:27:53,222.7,0.034,0.4,4.052
2025-12-15 07:28:53,222.4,0.034,0.4,4.052
2025-12-15 07:30:00,220.9,0.033,0.4,4.052
2025-12-15 07:30:53,221.1,0.033,0.4,4.052
2025-12-15 07:31:45,221.5,0.034,0.4,4.052
2025-12-15 07:32:51,221.5,0.033,0.4,4.052
2025-12-15 07:33:48,222.8,0.034,0.4,4.052
2025-12-15 07:34:51,222.3,0.034,0.5,4.052
2025-12-15 07:35:53,222.2,0.034,0.4,4.052
2025-12-15 07:36:48,223.0,0.034,0.5,4.052
2025-12-15 07:37:57,223.0,0.034,0.4,4.052
2025-12-15 07:38:53,222.0,0.034,0.4,4.052
2025-12-15 07:39:43,222.8,0.034,0.4,4.052
2025-12-15 07:40:39,222.7,0.034,0.4,4.052
2025-12-15 07:41:32,223.8,0.034,0.4,4.052
2025-12-15 07:42:24,224.4,0.034,0.4,4.052
2025-12-15 07:43:20,223.7,0.034,0.4,4.052
2025-12-15 07:44:24,223.1,0.034,0.5,4.052
2025-12-15 07:45:29,222.7,0.034,0.4,4.052
2025-12-15 07:46:23,223.2,0.034,0.4,4.052
2025-12-15 07:47:16,223.4,0.034,0.4,4.052
2025-12-15 07:48:24,224.0,0.034,0.4,4.052
2025-12-15 07:49:20,224.5,0.034,0.5,4.052
2025-12-15 07:50:22,224.9,0.034,0.5,4.052
2025-12-15 07:51:17,225.1,0.035,0.4,4.052
2025-12-15 07:52:21,224.6,0.034,0.4,4.052
2025-12-15 07:53:15,224.0,0.034,0.4,4.052
2025-12-15 07:54:13,224.2,0.034,0.4,4.052
2025-12-15 07:55:19,223.9,0.034,0.4,4.052
2025-12-15 07:56:27,224.5,0.034,0.4,4.052
2025-12-15 07:57:21,223.7,0.034,0.4,4.052
2025-12-15 07:58:26,223.1,0.034,0.4,4.052
2025-12-15 07:59:27,223.2,0.034,0.4,4.052
2025-12-15 08:00:30,223.4,0.034,0.4,4.052
2025-12-15 08:01:29,223.4,0.034,0.4,4.052
2025-12-15 08:02:24,223.2,0.034,0.4,4.052
2025-12-15 08:03:28,223.3,0.034,0.4,4.052
2025-12-15 08:04:35,222.9,0.034,0.4,4.052
2025-12-15 08:05:28,223.4,0.034,0.4,4.052
2025-12-15 08:06:38,223.2,0.034,0.4,4.052
2025-12-15 08:07:37,223.5,0.034,0.4,4.052
2025-12-15 08:08:33,223.3,0.034,0.4,4.052
2025-12-15 08:09:28,223.3,0.034,0.4,4.052
2025-12-15 08:10:34,222.6,0.034,0.4,4.052
2025-12-15 08:11:34,223.3,0.034,0.4,4.052
2025-12-15 08:12:40,223.2,0.034,0.4,4.052
2025-12-15 08:13:32,224.0,0.034,0.4,4.052
2025-12-15 08:14:26,223.7,0.034,0.4,4.052
2025-12-15 08:15:17,223.7,0.034,0.4,4.052
2025-12-15 08:16:22,223.5,0.034,0.4,4.052
2025-12-15 08:17:14,223.4,0.034,0.4,4.052
2025-12-15 08:18:12,222.7,0.034,0.4,4.052
2025-12-15 08:19:16,222.7,0.034,0.4,4.052
2025-12-15 08:20:26,222.8,0.034,0.4,4.052
2025-12-15 08:21:26,222.9,0.034,0.4,4.052
2025-12-15 08:22:36,222.5,0.034,0.5,4.052
2025-12-15 08:23:26,222.8,0.034,0.4,4.052
2025-12-15 08:24:20,222.9,0.034,0.4,4.052
2025-12-15 08:25:25,223.0,0.034,0.4,4.052
2025-12-15 08:26:32,222.4,0.034,0.4,4.052
2025-12-15 08:27:36,223.0,0.034,0.4,4.052
2025-12-15 08:28:40,223.0,0.034,0.4,4.052
2025-12-15 08:29:47,222.9,0.034,0.5,4.052
2025-12-15 08:30:49,222.6,0.034,0.4,4.052
2025-12-15 08:31:55,222.8,0.034,0.4,4.052
2025-12-15 08:32:47,222.4,0.034,0.4,4.052
2025-12-15 08:33:38,223.9,0.034,0.4,4.052
2025-12-15 08:34:47,224.0,0.034,0.4,4.052
2025-12-15 08:35:41,222.9,0.034,0.4,4.052
2025-12-15 08:36:33,222.3,0.034,0.4,4.052
2025-12-15 08:37:24,221.6,0.034,0.4,4.052
2025-12-15 08:38:19,222.2,0.034,0.4,4.052
2025-12-15 08:39:10,222.8,0.034,0.4,4.052
2025-12-15 08:40:14,222.7,0.034,0.4,4.052
2025-12-15 08:41:09,222.8,0.034,0.4,4.052
2025-12-15 08:41:59,222.3,0.034,0.4,4.052
2025-12-15 08:43:03,220.8,0.033,0.4,4.052
2025-12-15 08:44:08,221.5,0.033,0.4,4.052
2025-12-15 08:45:10,222.9,0.034,0.4,4.052
2025-12-15 08:46:05,222.4,0.034,0.4,4.052
2025-12-15 08:47:10,222.9,0.034,0.4,4.052
2025-12-15 08:48:19,223.6,0.034,0.4,4.052
2025-12-15 08:49:13,222.8,0.034,0.4,4.052
2025-12-15 08:50:14,222.8,0.034,0.4,4.052
2025-12-15 08:51:15,221.6,0.034,0.4,4.052
2025-12-15 08:52:14,221.8,0.033,0.5,4.052
2025-12-15 08:53:08,222.5,0.034,0.4,4.052
2025-12-15 08:54:08,221.8,0.034,0.4,4.052
2025-12-15 08:55:18,223.2,0.034,0.4,4.052
2025-12-15 08:56:21,222.4,0.034,0.4,4.052
2025-12-15 08:57:17,222.2,0.034,0.4,4.052
2025-12-15 08:58:17,221.9,0.034,0.5,4.052
2025-12-15 08:59:25,222.3,0.033,0.4,4.052
2025-12-15 09:00:33,222.7,0.034,0.4,4.052
2025-12-15 09:01:25,222.9,0.034,0.4,4.052
2025-12-15 09:02:34,223.4,0.034,0.4,4.052
2025-12-15 09:03:43,221.8,0.034,0.4,4.052
2025-12-15 09:04:49,223.1,0.034,0.4,4.052
2025-12-15 09:05:44,224.0,0.034,0.4,4.052
2025-12-15 09:06:38,223.6,0.034,0.4,4.052
2025-12-15 09:07:47,224.3,0.034,0.4,4.052
2025-12-15 09:08:53,222.6,0.034,0.4,4.052
2025-12-15 09:09:53,223.6,0.034,0.4,4.052
2025-12-15 09:10:54,225.2,0.034,0.4,4.052
2025-12-15 09:11:58,224.9,0.034,0.4,4.052
2025-12-15 09:12:53,224.4,0.034,0.4,4.052
2025-12-15 09:13:51,223.6,0.034,0.4,4.052
2025-12-15 09:14:57,222.3,0.034,0.4,4.052
2025-12-15 09:15:50,223.0,0.034,0.4,4.052
2025-12-15 09:16:46,222.1,0.034,0.4,4.052
2025-12-15 09:17:36,222.6,0.034,0.4,4.052
2025-12-15 09:18:45,223.4,0.034,0.4,4.052
2025-12-15 09:19:45,222.4,0.034,0.4,4.052
2025-12-15 09:20:51,222.9,0.034,0.4,4.052
2025-12-15 09:21:56,221.6,0.033,0.4,4.052
2025-12-15 09:23:00,223.0,0.034,0.4,4.052
2025-12-15 09:24:10,222.3,0.034,0.4,4.052
2025-12-15 09:25:07,223.0,0.034,0.4,4.052
2025-12-15 09:26:07,223.0,0.034,0.4,4.052
2025-12-15 09:27:05,222.6,0.034,0.4,4.052
2025-12-15 09:28:08,224.0,0.034,0.4,4.052
2025-12-15 09:29:11,224.2,0.034,0.4,4.052
2025-12-15 09:30:03,223.1,0.034,0.4,4.052
2025-12-15 09:30:58,223.6,0.034,0.4,4.052
2025-12-15 09:32:02,222.9,0.034,0.4,4.052
2025-12-15 09:33:04,222.7,0.034,0.4,4.052
2025-12-15 09:34:05,223.4,0.034,0.4,4.052
2025-12-15 09:35:15,223.2,0.034,0.4,4.052
2025-12-15 09:36:15,224.2,0.034,0.4,4.052
2025-12-15 09:37:11,223.0,0.034,0.4,4.052
2025-12-15 09:38:20,222.4,0.034,0.4,4.052
2025-12-15 09:39:21,222.3,0.034,0.4,4.052
2025-12-15 09:40:24,222.4,0.034,0.4,4.052
2025-12-15 09:41:19,223.4,0.034,0.4,4.052
2025-12-15 09:42:22,222.5,0.034,0.4,4.052
2025-12-15 09:43:12,222.9,0.034,0.4,4.052
2025-12-15 09:44:22,221.6,0.034,0.4,4.052
2025-12-15 09:45:26,220.7,0.033,0.4,4.052
2025-12-15 09:46:30,222.2,0.034,0.4,4.052
2025-12-15 09:47:40,222.0,0.034,0.4,4.052
2025-12-15 09:48:49,223.3,0.034,0.4,4.052
2025-12-15 09:49:42,222.9,0.034,0.4,4.052
2025-12-15 09:50:45,222.9,0.034,0.4,4.052
2025-12-15 09:51:54,223.9,0.034,0.4,4.052
2025-12-15 09:52:52,222.9,0.034,0.4,4.052
2025-12-15 09:53:42,224.1,0.034,0.5,4.052
2025-12-15 09:54:40,223.6,0.034,0.4,4.052
2025-12-15 09:55:33,223.8,0.034,0.5,4.052
2025-12-15 09:56:24,225.0,0.034,0.4,4.052
2025-12-15 09:57:22,224.2,0.034,0.4,4.052
2025-12-15 09:58:24,223.6,0.034,0.4,4.052
2025-12-15 09:59:14,223.6,0.034,0.4,4.052
2025-12-15 10:00:08,223.9,0.034,0.4,4.052
2025-12-15 10:01:08,223.2,0.034,0.4,4.052
2025-12-15 10:02:02,223.3,0.034,0.4,4.052
2025-12-15 10:03:05,224.2,0.034,0.4,4.052
2025-12-15 10:04:09,223.0,0.034,0.4,4.052
2025-12-15 10:05:12,223.5,0.034,0.4,4.052
2025-12-15 10:06:03,222.1,0.034,0.4,4.052
2025-12-15 10:07:07,222.9,0.034,0.4,4.052
2025-12-15 10:08:07,223.1,0.034,0.4,4.052
2025-12-15 10:09:14,223.4,0.034,0.5,4.052
2025-12-15 10:10:05,223.7,0.034,0.4,4.052
2025-12-15 10:11:01,223.5,0.034,0.4,4.052
2025-12-15 10:12:01,223.1,0.034,0.4,4.052
2025-12-15 10:12:59,223.4,0.034,0.4,4.052
2025-12-15 10:14:08,223.5,0.034,0.4,4.052
2025-12-15 10:15:04,223.0,0.034,0.4,4.052
2025-12-15 10:16:14,223.4,0.034,0.4,4.052
2025-12-15 10:17:17,224.1,0.034,0.4,4.052
2025-12-15 10:18:11,222.5,0.033,0.4,4.052
2025-12-15 10:19:17,222.5,0.034,0.5,4.052
2025-12-15 10:20:10,222.7,0.034,0.4,4.052
2025-12-15 10:21:07,222.6,0.033,0.4,4.052
2025-12-15 10:21:57,223.4,0.034,0.4,4.052
2025-12-15 10:22:54,224.1,0.034,0.4,4.052
2025-12-15 10:23:49,223.8,0.034,0.4,4.052
2025-12-15 10:24:47,223.0,0.034,0.4,4.052
2025-12-15 10:25:47,223.2,0.034,0.4,4.052
2025-12-15 10:26:45,222.9,0.034,0.4,4.052
2025-12-15 10:27:46,223.7,0.034,0.4,4.052
2025-12-15 10:28:56,223.5,0.034,0.4,4.052
2025-12-15 10:30:06,222.6,0.034,0.4,4.052
2025-12-15 10:31:13,222.3,0.034,0.4,4.052
2025-12-15 10:32:07,221.7,0.033,0.4,4.052
2025-12-15 10:33:05,222.6,0.034,0.4,4.052
2025-12-15 10:34:09,223.2,0.034,0.5,4.052
2025-12-15 10:35:19,224.7,0.034,0.4,4.052
2025-12-15 10:36:18,224.2,0.034,0.4,4.052
2025-12-15 10:37:09,224.2,0.034,0.0,4.052
2025-12-15 10:38:03,224.1,0.034,0.4,4.052
2025-12-15 10:39:10,224.5,0.034,0.4,4.052
2025-12-15 10:40:03,225.2,0.034,0.4,4.052
2025-12-15 10:41:10,226.7,0.035,0.4,4.052
2025-12-15 10:42:07,226.9,0.035,0.4,4.052
2025-12-15 10:42:58,226.3,0.034,0.4,4.052
2025-12-15 10:43:50,224.8,0.034,0.4,4.052
2025-12-15 10:44:53,223.9,0.034,0.4,4.052
2025-12-15 10:46:03,224.5,0.034,0.5,4.052
2025-12-15 10:47:01,225.6,0.035,0.4,4.052
2025-12-15 10:48:01,225.5,0.035,0.4,4.052
2025-12-15 10:48:54,225.7,0.035,0.4,4.052
2025-12-15 10:50:02,224.6,0.034,0.4,4.052
2025-12-15 10:51:06,224.9,0.034,0.4,4.052
2025-12-15 10:52:09,225.0,0.034,0.4,4.052
2025-12-15 10:53:17,225.0,0.034,0.4,4.052
2025-12-15 10:54:25,225.7,0.034,0.4,4.052
2025-12-15 10:55:24,225.8,0.035,0.4,4.052
2025-12-15 10:56:30,225.0,0.035,0.4,4.052
2025-12-15 10:57:39,225.1,0.034,0.4,4.052
2025-12-15 10:58:30,225.3,0.034,0.5,4.052
2025-12-15 10:59:39,224.1,0.034,0.4,4.052
2025-12-15 11:00:49,224.7,0.034,0.5,4.052
2025-12-15 11:01:51,224.4,0.034,0.4,4.052
2025-12-15 11:02:45,224.1,0.034,0.4,4.052
2025-12-15 11:03:37,225.0,0.034,0.4,4.052
2025-12-15 11:04:37,225.4,0.035,0.4,4.052
2025-12-15 11:05:37,224.3,0.034,0.4,4.052
2025-12-15 11:06:28,224.3,0.034,0.4,4.052
2025-12-15 11:07:25,225.2,0.034,0.5,4.052
2025-12-15 11:08:18,224.9,0.034,0.4,4.052
2025-12-15 11:09:26,225.1,0.034,0.4,4.052
2025-12-15 11:10:24,224.6,0.034,0.4,4.052
2025-12-15 11:11:16,224.9,0.034,0.4,4.052
2025-12-15 11:12:14,222.5,0.034,0.0,4.052
2025-12-15 11:13:17,222.2,0.034,0.4,4.052
2025-12-15 11:14:26,221.9,0.034,0.4,4.052
2025-12-15 11:15:26,222.8,0.034,0.4,4.052
2025-12-15 11:16:30,223.5,0.034,0.4,4.052
2025-12-15 11:17:24,223.6,0.034,0.4,4.052
2025-12-15 11:18:17,222.7,0.034,0.4,4.052
2025-12-15 11:19:27,222.4,0.034,0.4,4.052
2025-12-15 11:20:34,223.1,0.034,0.4,4.052
2025-12-15 11:21:38,223.0,0.034,0.4,4.052
2025-12-15 11:22:32,223.9,0.034,0.4,4.052
2025-12-15 11:23:22,224.0,0.034,0.4,4.052
2025-12-15 11:24:19,225.8,0.035,0.4,4.052
2025-12-15 11:25:25,225.0,0.034,0.4,4.052
2025-12-15 11:26:21,224.6,0.034,0.4,4.052
2025-12-15 11:27:26,223.5,0.034,0.4,4.052
2025-12-15 11:28:21,224.5,0.034,0.4,4.052
2025-12-15 11:29:29,224.3,0.034,0.4,4.052
2025-12-15 11:30:28,224.0,0.034,0.4,4.052
2025-12-15 11:31:22,223.5,0.034,0.0,4.052
2025-12-15 11:32:27,224.0,0.034,0.4,4.052
2025-12-15 11:33:22,224.4,0.034,0.4,4.052
2025-12-15 11:34:15,225.7,0.034,0.4,4.052
2025-12-15 11:35:24,224.8,0.034,0.4,4.052
2025-12-15 11:36:34,225.6,0.035,0.4,4.052
2025-12-15 11:37:35,225.2,0.035,0.4,4.052
2025-12-15 11:38:27,225.1,0.034,0.4,4.052
2025-12-15 11:39:27,226.2,0.035,0.4,4.052
2025-12-15 11:40:20,225.5,0.035,0.4,4.052
2025-12-15 11:41:15,227.9,0.035,0.4,4.052
2025-12-15 11:42:16,226.8,0.035,0.4,4.052
2025-12-15 11:43:21,226.1,0.035,0.4,4.052
2025-12-15 11:44:30,226.8,0.035,0.4,4.052
2025-12-15 11:45:20,225.9,0.034,0.4,4.052
2025-12-15 11:46:13,225.3,0.034,0.4,4.052
2025-12-15 11:47:12,224.1,0.034,0.4,4.052
2025-12-15 11:48:07,226.0,0.034,0.4,4.052
2025-12-15 11:49:10,224.8,0.034,0.4,4.052
2025-12-15 11:50:02,224.4,0.034,0.4,4.052
2025-12-15 11:51:08,223.6,0.034,0.4,4.052
2025-12-15 11:52:08,223.4,0.034,0.4,4.052
2025-12-15 11:53:14,224.5,0.034,0.4,4.052
2025-12-15 11:54:04,224.7,0.034,0.4,4.052
2025-12-15 11:55:14,224.5,0.034,0.4,4.052
2025-12-15 11:56:11,225.6,0.034,0.4,4.052
2025-12-15 11:57:21,225.3,0.034,0.4,4.052
2025-12-15 11:58:25,226.0,0.035,0.4,4.052
2025-12-15 11:59:29,224.6,0.034,0.4,4.052
2025-12-15 12:00:37,225.1,0.034,0.5,4.052
2025-12-15 12:01:29,225.0,0.034,0.4,4.052
2025-12-15 12:02:22,226.4,0.035,0.4,4.052
2025-12-15 12:03:17,226.6,0.035,0.4,4.052
2025-12-15 12:04:20,227.5,0.035,0.5,4.052
2025-12-15 12:05:17,227.4,0.034,0.4,4.052
2025-12-15 12:06:10,226.9,0.035,0.4,4.052
2025-12-15 12:07:03,224.9,0.034,0.4,4.052
2025-12-15 12:08:12,225.8,0.034,0.4,4.052
2025-12-15 12:09:12,225.3,0.034,0.4,4.052
2025-12-15 12:10:20,226.0,0.035,0.4,4.052
2025-12-15 12:11:18,224.9,0.034,0.4,4.052
2025-12-15 12:12:25,224.8,0.034,0.4,4.052
2025-12-15 12:13:18,225.3,0.034,0.4,4.052
2025-12-15 12:14:22,225.1,0.034,0.4,4.052
2025-12-15 12:15:17,225.4,0.034,0.4,4.052
2025-12-15 12:16:25,225.0,0.034,0.4,4.052
2025-12-15 12:17:26,226.2,0.034,0.4,4.052
2025-12-15 12:18:35,225.4,0.034,0.4,4.052
2025-12-15 12:19:30,226.5,0.034,0.4,4.052
2025-12-15 12:20:28,226.1,0.034,0.4,4.052
2025-12-15 12:21:30,225.4,0.034,0.4,4.052
2025-12-15 12:22:21,226.2,0.034,0.4,4.052
2025-12-15 12:23:21,226.0,0.035,0.4,4.052
2025-12-15 12:24:20,225.9,0.034,0.4,4.052
2025-12-15 12:25:28,225.7,0.035,0.4,4.052
2025-12-15 12:26:26,225.6,0.035,0.4,4.052
2025-12-15 12:27:21,225.7,0.035,0.4,4.052
2025-12-15 12:28:25,225.7,0.035,0.4,4.052
2025-12-15 12:29:18,225.7,0.034,0.4,4.052
2025-12-15 12:30:25,226.0,0.034,0.4,4.052
2025-12-15 12:31:17,225.6,0.034,0.4,4.052
2025-12-15 12:32:10,226.9,0.035,0.4,4.052
2025-12-15 12:33:12,226.7,0.035,0.4,4.052
2025-12-15 12:34:22,226.9,0.035,0.4,4.052
2025-12-15 12:35:17,226.0,0.035,0.4,4.052
2025-12-15 12:36:07,226.1,0.035,0.4,4.052
2025-12-15 12:37:10,225.7,0.035,0.4,4.052
2025-12-15 12:38:08,225.6,0.035,0.4,4.052
2025-12-15 12:39:09,226.4,0.035,0.4,4.052
2025-12-15 12:40:13,226.8,0.035,0.4,4.052
2025-12-15 12:41:03,226.5,0.035,0.4,4.052
2025-12-15 12:42:01,226.1,0.035,0.4,4.052
2025-12-15 12:43:07,226.7,0.035,0.4,4.052
2025-12-15 12:44:16,228.0,0.035,0.4,4.052
2025-12-15 12:45:23,227.6,0.035,0.4,4.052
2025-12-15 12:46:19,227.4,0.035,0.4,4.052
2025-12-15 12:47:26,227.0,0.035,0.4,4.052
2025-12-15 12:48:31,227.1,0.035,0.4,4.052
2025-12-15 12:49:38,226.7,0.035,0.4,4.052
2025-12-15 12:50:34,226.2,0.035,0.4,4.052
2025-12-15 12:51:37,226.8,0.035,0.4,4.052
2025-12-15 12:52:30,226.7,0.035,0.4,4.052
2025-12-15 12:53:25,227.0,0.035,0.4,4.052
2025-12-15 12:54:24,226.8,0.035,0.4,4.052
2025-12-15 12:55:31,228.0,0.035,0.5,4.052
2025-12-15 12:56:40,227.8,0.035,0.4,4.052
2025-12-15 12:57:31,227.9,0.035,0.4,4.052
2025-12-15 12:58:27,227.6,0.035,0.4,4.052
2025-12-15 12:59:25,227.3,0.035,0.4,4.052
2025-12-15 13:00:19,227.3,0.035,0.4,4.052
2025-12-15 13:01:24,227.1,0.035,0.4,4.052
2025-12-15 13:02:17,227.8,0.035,0.4,4.052
2025-12-15 13:03:15,227.8,0.035,0.4,4.052
2025-12-15 13:04:21,226.5,0.034,0.4,4.052
2025-12-15 13:05:12,226.4,0.034,0.4,4.052
2025-12-15 13:06:06,226.2,0.034,0.4,4.052
2025-12-15 13:07:12,225.6,0.034,0.4,4.052
2025-12-15 13:08:03,226.0,0.034,0.4,4.052
2025-12-15 13:08:53,224.2,0.034,0.4,4.052
2025-12-15 13:09:46,224.5,0.034,0.4,4.052
2025-12-15 13:10:49,224.4,0.034,0.4,4.052
2025-12-15 13:11:52,224.4,0.034,0.4,4.052
2025-12-15 13:12:46,224.4,0.034,0.4,4.052
2025-12-15 13:13:52,224.3,0.034,0.4,4.052
2025-12-15 13:14:45,223.7,0.034,0.4,4.052
2025-12-15 13:15:41,224.3,0.034,0.4,4.052
2025-12-15 13:16:35,223.5,0.034,0.4,4.052
2025-12-15 13:17:41,223.6,0.034,0.4,4.052
2025-12-15 13:18:36,223.5,0.034,0.4,4.052
2025-12-15 13:19:33,223.4,0.034,0.4,4.052
2025-12-15 13:20:37,223.1,0.034,0.4,4.052
2025-12-15 13:21:32,222.7,0.033,0.4,4.052
2025-12-15 13:22:29,222.2,0.034,0.4,4.052
2025-12-15 13:23:38,223.1,0.034,0.4,4.052
2025-12-15 13:24:33,223.2,0.034,0.4,4.052
2025-12-15 13:25:39,223.4,0.034,0.4,4.052
2025-12-15 13:26:48,223.4,0.034,0.4,4.052
2025-12-15 13:27:38,223.7,0.034,0.4,4.052
2025-12-15 13:28:33,223.7,0.034,0.4,4.052
2025-12-15 13:29:34,223.6,0.034,0.4,4.052
2025-12-15 13:30:33,223.6,0.034,0.4,4.052
2025-12-15 13:31:30,223.5,0.034,0.4,4.052
2025-12-15 13:32:25,223.3,0.034,0.4,4.052
2025-12-15 13:33:23,223.2,0.034,0.5,4.052
2025-12-15 13:34:14,223.0,0.034,0.4,4.052
2025-12-15 13:35:18,223.4,0.034,0.4,4.052
2025-12-15 13:36:11,222.9,0.034,0.4,4.052
2025-12-15 13:37:06,224.1,0.034,0.5,4.052
2025-12-15 13:38:14,223.8,0.034,0.4,4.052
2025-12-15 13:39:18,223.9,0.034,0.4,4.052
2025-12-15 13:40:27,223.7,0.034,0.4,4.052
2025-12-15 13:41:28,224.4,0.034,0.4,4.052
2025-12-15 13:42:28,225.0,0.034,0.4,4.052
2025-12-15 13:43:37,224.0,0.034,0.4,4.052
2025-12-15 13:44:29,223.7,0.034,0.4,4.052
2025-12-15 13:45:33,223.7,0.034,0.4,4.052
2025-12-15 13:46:31,224.2,0.034,0.4,4.052
2025-12-15 13:47:34,224.3,0.034,0.4,4.052
2025-12-15 13:48:25,224.7,0.034,0.4,4.052
2025-12-15 13:49:26,224.1,0.034,0.4,4.052
2025-12-15 13:50:18,223.8,0.034,0.4,4.052
2025-12-15 13:51:08,223.8,0.034,0.4,4.052
2025-12-15 13:52:11,224.2,0.034,0.4,4.052
2025-12-15 13:53:08,223.9,0.034,0.4,4.052
2025-12-15 13:54:10,224.1,0.034,0.4,4.052
2025-12-15 13:55:17,223.8,0.034,0.4,4.052
2025-12-15 13:56:15,224.2,0.034,0.4,4.052
2025-12-15 13:57:07,223.4,0.034,0.4,4.052
2025-12-15 13:58:11,224.2,0.034,0.4,4.052
2025-12-15 13:59:06,224.2,0.034,0.4,4.052
2025-12-15 14:00:05,223.6,0.034,0.4,4.052
2025-12-15 14:01:05,223.8,0.034,0.4,4.052
2025-12-15 14:02:03,223.5,0.034,0.4,4.052
2025-12-15 14:03:00,224.0,0.034,0.4,4.052
2025-12-15 14:04:08,224.3,0.034,0.4,4.052
2025-12-15 14:05:13,224.4,0.034,0.4,4.052
2025-12-15 14:06:17,223.8,0.034,0.4,4.052
2025-12-15 14:07:07,223.8,0.034,0.4,4.052
2025-12-15 14:08:12,223.9,0.034,0.4,4.052
2025-12-15 14:09:05,224.1,0.034,0.4,4.052
2025-12-15 14:10:12,223.9,0.034,0.4,4.052
2025-12-15 14:11:19,223.9,0.034,0.4,4.052
2025-12-15 14:12:17,223.8,0.034,0.4,4.052
2025-12-15 14:13:21,223.9,0.034,0.4,4.052
2025-12-15 14:14:24,223.7,0.034,0.4,4.052
2025-12-15 14:15:27,223.5,0.034,0.4,4.052
2025-12-15 14:16:34,223.1,0.034,0.4,4.052
2025-12-15 14:17:42,222.4,0.034,0.4,4.052
2025-12-15 14:18:51,222.9,0.034,0.4,4.052
2025-12-15 14:19:42,222.6,0.034,0.4,4.052
2025-12-15 14:20:38,223.0,0.034,0.4,4.052
2025-12-15 14:21:41,223.0,0.033,0.4,4.052
2025-12-15 14:22:31,223.2,0.034,0.4,4.052
2025-12-15 14:23:22,222.3,0.034,0.0,4.052
2025-12-15 14:24:28,222.9,0.034,0.4,4.052
2025-12-15 14:25:32,223.0,0.034,0.4,4.052
2025-12-15 14:26:22,223.3,0.034,0.4,4.052
2025-12-15 14:27:18,222.5,0.034,0.4,4.052
2025-12-15 14:28:24,222.5,0.034,0.4,4.052
2025-12-15 14:29:30,222.7,0.034,0.5,4.052
2025-12-15 14:30:34,222.6,0.034,0.4,4.052
2025-12-15 14:31:38,222.7,0.034,0.4,4.052
2025-12-15 14:32:28,223.0,0.034,0.4,4.052
2025-12-15 14:33:34,223.5,0.034,0.4,4.052
2025-12-15 14:34:26,223.7,0.034,0.4,4.052
2025-12-15 14:35:19,224.0,0.034,0.4,4.052
2025-12-15 14:36:11,224.6,0.034,0.4,4.052
2025-12-15 14:37:17,224.2,0.034,0.4,4.052
2025-12-15 14:38:24,224.6,0.034,0.4,4.052
2025-12-15 14:39:16,224.1,0.034,0.4,4.052
2025-12-15 14:40:12,223.5,0.034,0.4,4.052
2025-12-15 14:41:15,224.8,0.034,0.4,4.052
2025-12-15 14:42:08,223.6,0.034,0.4,4.052
2025-12-15 14:43:09,224.1,0.034,0.4,4.052
2025-12-15 14:44:15,223.6,0.034,0.4,4.052
2025-12-15 14:45:05,224.2,0.034,0.4,4.052
2025-12-15 14:46:02,223.8,0.034,0.4,4.052
2025-12-15 14:46:58,223.8,0.034,0.4,4.052
2025-12-15 14:47:48,224.1,0.034,0.4,4.052
2025-12-15 14:48:46,224.7,0.034,0.4,4.052
2025-12-15 14:49:49,224.6,0.034,0.4,4.052
2025-12-15 14:50:59,223.9,0.034,0.4,4.052
2025-12-15 14:51:55,224.2,0.034,0.4,4.052
2025-12-15 14:53:00,224.4,0.034,0.4,4.052
2025-12-15 14:54:00,224.0,0.034,0.4,4.052
2025-12-15 14:54:51,224.3,0.034,0.4,4.052
2025-12-15 14:55:57,224.0,0.034,0.4,4.052
2025-12-15 14:56:51,223.4,0.034,0.4,4.052
2025-12-15 14:57:50,224.2,0.034,0.4,4.052
2025-12-15 14:58:52,223.4,0.034,0.4,4.052
2025-12-15 14:59:48,223.7,0.034,0.4,4.052
2025-12-15 15:00:45,223.4,0.034,0.4,4.052
2025-12-15 15:01:35,223.9,0.034,0.4,4.052
2025-12-15 15:02:32,223.3,0.034,0.4,4.052
2025-12-15 15:03:24,223.6,0.034,0.4,4.052
2025-12-15 15:04:28,224.2,0.034,0.4,4.052
2025-12-15 15:05:23,223.6,0.034,0.4,4.052
2025-12-15 15:06:29,224.0,0.034,0.4,4.052
2025-12-15 15:07:30,224.2,0.034,0.4,4.052
2025-12-15 15:08:40,224.4,0.034,0.4,4.052
2025-12-15 15:09:48,223.9,0.034,0.4,4.052
2025-12-15 15:10:42,223.9,0.034,0.4,4.052
2025-12-15 15:11:42,224.0,0.034,0.4,4.052
2025-12-15 15:12:51,223.9,0.034,0.4,4.052
2025-12-15 15:13:42,222.9,0.034,0.4,4.052
2025-12-15 15:14:35,221.8,0.034,0.4,4.052
2025-12-15 15:15:41,221.5,0.034,0.4,4.052
2025-12-15 15:16:42,221.2,0.033,0.4,4.052
2025-12-15 15:17:34,221.3,0.034,0.4,4.052
2025-12-15 15:18:28,221.2,0.034,0.4,4.052
2025-12-15 15:19:29,221.6,0.034,0.4,4.052
2025-12-15 15:20:22,221.2,0.034,0.4,4.052
2025-12-15 15:21:14,220.9,0.034,0.4,4.052
2025-12-15 15:22:12,220.9,0.033,0.4,4.052
2025-12-15 15:23:14,221.6,0.034,0.4,4.052
2025-12-15 15:24:11,221.6,0.034,0.4,4.052
2025-12-15 15:25:20,222.0,0.034,0.4,4.052
2025-12-15 15:26:26,221.9,0.034,0.4,4.052
2025-12-15 15:27:31,222.2,0.034,0.4,4.052
2025-12-15 15:28:33,222.2,0.034,0.4,4.052
2025-12-15 15:29:38,222.4,0.034,0.0,4.052
2025-12-15 15:30:31,222.8,0.034,0.4,4.052
2025-12-15 15:31:34,222.8,0.034,0.4,4.052
2025-12-15 15:32:30,223.0,0.034,0.4,4.052
2025-12-15 15:33:22,223.2,0.034,0.4,4.052
2025-12-15 15:34:26,222.9,0.034,0.4,4.052
2025-12-15 15:35:35,223.0,0.034,0.4,4.052
2025-12-15 15:36:34,222.3,0.034,0.4,4.052
2025-12-15 15:37:29,223.5,0.034,0.4,4.052
2025-12-15 15:38:33,224.0,0.034,0.4,4.052
2025-12-15 15:39:37,224.3,0.034,0.4,4.052
2025-12-15 15:40:33,224.6,0.034,0.4,4.052
2025-12-15 15:41:41,224.6,0.035,0.4,4.052
2025-12-15 15:42:37,223.9,0.034,0.4,4.052
2025-12-15 15:43:36,223.9,0.034,0.4,4.052
2025-12-15 15:44:36,224.3,0.034,0.4,4.052
2025-12-15 15:45:35,224.7,0.034,0.4,4.052
2025-12-15 15:46:31,224.2,0.034,0.0,4.052
2025-12-15 15:47:34,224.8,0.034,0.4,4.052
2025-12-15 15:48:43,224.3,0.034,0.4,4.052
2025-12-15 15:49:49,226.0,0.034,0.4,4.052
2025-12-15 15:50:58,225.7,0.034,0.4,4.052
2025-12-15 15:52:03,225.6,0.034,0.4,4.052
2025-12-15 15:53:01,225.9,0.034,0.4,4.052
2025-12-15 15:54:02,225.6,0.035,0.4,4.052
2025-12-15 15:54:59,225.1,0.035,0.4,4.052
2025-12-15 15:55:58,225.4,0.034,0.4,4.052
2025-12-15 15:56:53,224.6,0.034,0.4,4.052
2025-12-15 15:58:03,225.1,0.035,0.4,4.052
2025-12-15 15:58:57,225.7,0.034,0.4,4.052
2025-12-15 16:00:06,225.5,0.035,0.4,4.052
2025-12-15 16:01:02,224.5,0.034,0.4,4.052
2025-12-15 16:01:58,225.5,0.034,0.4,4.052
2025-12-15 16:03:06,225.3,0.034,0.4,4.052
2025-12-15 16:03:57,223.9,0.034,0.4,4.052
2025-12-15 16:04:53,223.6,0.034,0.4,4.052
2025-12-15 16:05:57,223.6,0.034,0.4,4.052
2025-12-15 16:06:49,223.1,0.034,0.4,4.052
2025-12-15 16:07:46,223.3,0.034,0.4,4.052
2025-12-15 16:08:41,223.7,0.034,0.4,4.052
2025-12-15 16:09:33,223.8,0.034,0.4,4.052
2025-12-15 16:10:25,223.5,0.034,0.4,4.052
2025-12-15 16:11:31,224.1,0.034,0.4,4.052
2025-12-15 16:12:24,223.9,0.034,0.4,4.052
2025-12-15 16:13:17,223.9,0.034,0.4,4.052
2025-12-15 16:14:17,224.2,0.034,0.4,4.052
2025-12-15 16:15:19,223.7,0.034,0.4,4.052
2025-12-15 16:16:14,224.5,0.034,0.4,4.052
2025-12-15 16:17:17,224.7,0.034,0.4,4.052
2025-12-15 16:18:12,223.8,0.034,0.4,4.052
2025-12-15 16:19:03,224.6,0.034,0.4,4.052
2025-12-15 16:20:00,223.9,0.034,0.4,4.052
2025-12-15 16:20:56,224.0,0.034,0.4,4.052
2025-12-15 16:21:57,224.6,0.034,0.4,4.052
2025-12-15 16:22:59,223.5,0.034,0.4,4.052
2025-12-15 16:23:50,223.8,0.034,0.4,4.052
2025-12-15 16:24:52,224.1,0.034,0.4,4.052
2025-12-15 16:26:02,223.8,0.034,0.4,4.052
2025-12-15 16:26:54,222.7,0.034,0.5,4.052
2025-12-15 16:27:44,223.8,0.034,0.4,4.052
2025-12-15 16:28:39,223.5,0.034,0.4,4.052
2025-12-15 16:29:45,224.1,0.034,0.4,4.052
2025-12-15 16:30:44,224.2,0.034,0.4,4.052
2025-12-15 16:31:34,224.4,0.034,0.4,4.052
2025-12-15 16:32:38,224.5,0.034,0.4,4.052
2025-12-15 16:33:47,224.3,0.034,0.4,4.052
2025-12-15 16:34:55,224.3,0.034,0.5,4.052
2025-12-15 16:35:59,224.2,0.034,0.4,4.052
2025-12-15 16:36:59,224.1,0.034,0.4,4.052
2025-12-15 16:37:56,224.1,0.034,0.4,4.052
2025-12-15 16:39:01,224.2,0.034,0.4,4.052
2025-12-15 16:39:54,224.3,0.034,0.4,4.052
2025-12-15 16:41:00,224.1,0.034,0.4,4.052
2025-12-15 16:42:07,225.6,0.034,0.4,4.052
2025-12-15 16:43:12,225.9,0.034,0.5,4.052
2025-12-15 16:44:10,226.1,0.035,0.4,4.052
2025-12-15 16:45:01,225.7,0.034,0.4,4.052
2025-12-15 16:46:05,225.8,0.034,0.4,4.052
2025-12-15 16:47:11,225.7,0.034,0.4,4.052
2025-12-15 16:48:11,224.8,0.034,0.4,4.052
2025-12-15 16:49:11,225.1,0.034,0.4,4.052
2025-12-15 16:50:04,224.7,0.034,0.4,4.052
2025-12-15 16:51:06,224.7,0.034,0.4,4.052
2025-12-15 16:52:09,224.5,0.034,0.4,4.052
2025-12-15 16:53:01,224.5,0.034,0.5,4.052
2025-12-15 16:53:54,225.0,0.034,0.4,4.052
2025-12-15 16:54:49,224.8,0.034,0.4,4.052
2025-12-15 16:55:48,224.0,0.034,0.4,4.052
2025-12-15 16:56:57,223.4,0.034,0.4,4.052
2025-12-15 16:57:58,222.7,0.034,0.4,4.052
2025-12-15 16:59:07,222.9,0.034,0.4,4.052
2025-12-15 17:00:08,223.1,0.034,0.4,4.052
2025-12-15 17:01:09,222.9,0.034,0.4,4.052
2025-12-15 17:02:19,222.4,0.034,0.4,4.052
2025-12-15 17:03:29,222.4,0.034,0.4,4.052
2025-12-15 17:04:20,222.5,0.034,0.0,4.052
2025-12-15 17:05:29,222.4,0.034,0.4,4.052
2025-12-15 17:06:25,223.5,0.034,0.4,4.052
2025-12-15 17:07:21,223.5,0.034,0.4,4.052
2025-12-15 17:08:13,223.9,0.034,0.4,4.052
2025-12-15 17:09:03,223.6,0.034,0.4,4.052
